MapId,DropTableId,LevelType,Difficulty,InstanceId,ObjectType,DefinitionId,Q,R,Facing,InitialValue,Extra
M-F1-001,2001,NormalCombat,High,F1-007-M01,Monster,3117,-3,-1,1;0,,
M-F1-001,2001,NormalCombat,High,F1-007-M02,Monster,3117,-3,0,1;0,,
M-F1-001,2001,NormalCombat,High,F1-007-M03,Monster,3104,-4,1,1;0,,
M-F1-001,2001,NormalCombat,High,F1-007-M04,Monster,3119,-1,-4,1;0,,
M-F1-001,2001,NormalCombat,High,F1-007-M05,Monster,3119,-2,-4,1;0,,
M-F1-001,2001,NormalCombat,High,F1-007-M06,Monster,3119,0,-4,1;0,,
M-F1-001,2001,NormalCombat,High,F1-007-M07,Monster,3119,-3,-3,1;0,,
M-F1-001,2001,NormalCombat,High,F1-007-M08,Monster,3119,-4,-2,1;0,,
M-F1-001,2001,NormalCombat,High,F1-007-M09,Monster,3118,-5,0,1;0,,
M-F1-001,2001,NormalCombat,High,F1-007-M10,Monster,3118,-5,-1,1;0,,
