MaterialId,DefinitionId,Category,SubType,Rarity,Load,Description
101,药草,合成材料,植物,普通,0.2,野外常见的药草；药剂的常用原料
102,苔藓,合成材料,植物,普通,0.2,潮湿处采集的纤维材料
103,月光草,合成材料,植物,罕见,0.3,夜间散发微光，可用于净化类药剂
104,龙血藤,合成材料,植物,稀有,0.5,蕴含龙血的暗红藤蔓
105,蟾蜍,合成材料,动物整体,普通,0.4,完整的蟾蜍躯干
106,毒蛇,合成材料,动物整体,罕见,0.4,带毒腺的蛇类
107,鸟类羽毛,合成材料,身体部位,普通,0.1,轻质羽毛，常用于提速类药剂
108,蝎尾,合成材料,身体部位,罕见,0.2,带毒刺的蝎尾
109,毒囊,合成材料,身体部位,罕见,0.2,可提炼毒素的囊袋
110,凤凰羽毛,合成材料,身体部位,稀有,0.3,尚有余温的赤金羽毛
201,铜矿石,打造材料,矿物,普通,1.0,基础锻造矿石
202,铁矿石,打造材料,矿物,普通,1.2,常用锻造矿石
203,银矿石,打造材料,矿物,罕见,1.0,锻造与仪式用银
204,黑曜石,打造材料,矿物,罕见,0.8,锋利而脆的火山玻璃
205,秘银,打造材料,矿物,稀有,0.6,轻而坚韧的稀有金属
206,陨铁,打造材料,矿物,稀有,1.5,自天外坠落的铁质矿块
