MonsterId,IntentValues,Note
3001,1|1,堕魔兽（旧池）
3002,4|4,法师学徒（旧池）
3003,9|9,堕魔守卫（旧池）｜Monster.csv 意图① 已于 2026-09-28 改写为 1;2;0|1;2;0|1;2;0：模式 2 = 同意图内多次 Damage 共用同一随机目标、修正 0 → 每段 攻 3，三段共 9；意图② 2|2|2 = 3 段 × 防 3 = 9。依据 怪物属性与强度「固定命中同一随机目标的三连击 / 每回合最高伤害 9」
3004,7|4,诅咒弓手（旧池）｜意图 1 攻 3 + 2 层易伤 4 = 7；意图 2 护盾 1 + 攻 3 = 4
3005,8|5,狂热祭司（旧池）｜意图 1 加攻 2 层 6 + 攻 2 = 8；意图 2 防 2 + 攻 2 = 5
3006,10|5,钢甲仆从（旧池）｜意图 1 护盾 2 段 ×4 = 8 + 攻 2 = 10；意图 2 攻 2 + 防 3 = 5
3007,8|6,双刃猎手（旧池）｜意图① 已于 2026-09-28 改写为 1;2;0|1;2;0（口径同 3003）：模式 2 + 修正 0 → 每段 攻 4，两段共 8；意图② 1|3;2;1;1 = 攻 4 + 1 层易伤（2）= 6。依据 怪物属性与强度「固定命中同一随机目标的二连击 / 每回合最高伤害 8」
3101,3|2,小型符文史莱姆
3102,5|3,符文残片兽
3103,6|4,符文引导学徒
3104,3|4,符文石卫
3106,7|12,魔化驮兽
3107,2|3,惊惶投掷村民
3108,4|1,受侵蚀巡逻犬
3109,4|1,哨站弩手
3110,3|2,城卫见习兵
3111,5|10,流寇刀手
3112,4|2,流寇弩手
3113,6|13|6,流寇头目
3114,18|22|15,雇佣剑客
3115,4|6|0,近战劫匪｜意图 0 低攻 1;-1 = 4；意图 1 高攻 1;1 = 6；意图 2 逃跑 0 = 0
3116,3|4|0,远程劫匪｜意图 0 低攻 1 = 3；意图 1 高攻 1;1 = 4；意图 2 逃跑 0 = 0
