Key,Path
Data.Card.Common,res://DataBase/Card/通用/通用Card.csv
Data.State.Common,res://DataBase/State/通用State.csv
Data.Unit.Character,res://DataBase/Unit/Character.csv
Data.Game.Variables,res://DataBase/GameVariables.csv
Data.Unit.Monster,res://DataBase/Unit/Monster.csv
Data.Unit.CharacterDefaultDeck,res://DataBase/Unit/Character/CharacterDefaultDeck.csv
Data.Map.DropTable,res://DataBase/Map/DropTable.csv
Data.Card.CharacterRewardPool,res://DataBase/Card/CharacterRewardPool.csv
Data.Battlefield.EnemyIntent,res://DataBase/Battlefield/EnemyIntent.csv
Data.Battlefield.AreaObject,res://DataBase/Battlefield/AreaObject.csv
Data.Balance.MonsterValue,res://DataBase/Balance/MonsterValue.csv
Data.Equipment.Weapon,res://DataBase/Equipment/Weapon.csv
Data.Item.Material,res://DataBase/Item/Material.csv
Data.Item.Item,res://DataBase/Item/Item.csv
Data.Item.Food,res://DataBase/Item/Food.csv
Data.Item.FoodRecipe,res://DataBase/Item/FoodRecipe.csv
Data.Inventory.Config,res://DataBase/Inventory/InventoryConfig.csv
Data.Equipment.Armor,res://DataBase/Equipment/Armor.csv
Data.Equipment.Config,res://DataBase/Equipment/EquipmentConfig.csv
Data.Equipment.Recipe,res://DataBase/Equipment/EquipmentRecipe.csv
Data.WorldMarket.Price,res://DataBase/WorldMarket/MerchantPrice.csv
Data.WorldMarket.CardPrice,res://DataBase/WorldMarket/MerchantCardPrice.csv
Data.WorldMarket.CardPack,res://DataBase/WorldMarket/MerchantCardPack.csv
Data.Level.InteractPoint,res://DataBase/Level/InteractPoint.csv

