MapId,DropTableId,LevelType,Difficulty,InstanceId,ObjectType,DefinitionId,Q,R,Facing,InitialValue,Extra,BattleRule
M-V-001,0,Village,Low,F1-V-001-INN01,InteractPoint,Inn,0,-3,,,,
M-V-001,0,Village,Low,F1-V-001-INN02,InteractPoint,Inn,1,-3,,,,
M-V-001,0,Village,Low,F1-V-001-INN03,InteractPoint,Inn,2,-3,,,,
M-V-001,0,Village,Low,F1-V-001-INN04,InteractPoint,Inn,3,-3,,,,
M-V-001,0,Village,Low,F1-V-001-INN-D,InteractPoint,Inn,1,-2,,,Door,
M-V-001,0,Village,Low,F1-V-001-GH01,InteractPoint,Guesthouse,-3,3,,,,
M-V-001,0,Village,Low,F1-V-001-GH02,InteractPoint,Guesthouse,-3,2,,,,
M-V-001,0,Village,Low,F1-V-001-GH03,InteractPoint,Guesthouse,-3,1,,,,
M-V-001,0,Village,Low,F1-V-001-GH-D,InteractPoint,Guesthouse,-2,2,,,Door,
M-V-001,0,Village,Low,F1-V-001-SM01,InteractPoint,Smithy,-3,0,,,,
M-V-001,0,Village,Low,F1-V-001-SM02,InteractPoint,Smithy,-2,-1,,,,
M-V-001,0,Village,Low,F1-V-001-SM03,InteractPoint,Smithy,-1,-2,,,,
M-V-001,0,Village,Low,F1-V-001-SM-D,InteractPoint,Smithy,-1,-1,,,Door,
M-V-001,0,Village,Low,F1-V-001-RS01,InteractPoint,Restaurant,0,3,,,,
M-V-001,0,Village,Low,F1-V-001-RS02,InteractPoint,Restaurant,-1,3,,,,
M-V-001,0,Village,Low,F1-V-001-RS03,InteractPoint,Restaurant,-2,3,,,,
M-V-001,0,Village,Low,F1-V-001-RS-D,InteractPoint,Restaurant,-1,2,,,Door,
M-V-001,0,Village,Low,F1-V-001-FR01,InteractPoint,Forest,3,-2,,,,
M-V-001,0,Village,Low,F1-V-001-FR02,InteractPoint,Forest,3,-1,,,,
M-V-001,0,Village,Low,F1-V-001-FR03,InteractPoint,Forest,3,0,,,,
M-V-001,0,Village,Low,F1-V-001-FR04,InteractPoint,Forest,2,1,,,,
M-V-001,0,Village,Low,F1-V-001-FR05,InteractPoint,Forest,1,2,,,,
M-V-001,0,Village,Low,F1-V-001-FR-D,InteractPoint,Forest,2,0,,,Door,
M-V-001,0,Village,Low,F1-V-001-ENT,InteractPoint,Entrance,-2,0,,,Door,
M-V-001,0,Village,Low,F1-V-001-EXT,InteractPoint,Exit,2,-1,,,Door,
